﻿Designator,Footprint,Quantity,Value,LCSC Part #
"BOOT1, RST1",SW_Push_1P1T_NO_CK_KMR2,2,SW_SPST,
"C1, C2, C3, C4",0805,4,10uF,
"C10, C7",0603,2,1uF,
"C11, C12, C13, C14, C15, C16, C17, C21, C22, C8, C9",0603,11,0.1uF,
"C5, C6",0805,2,22pF,
D1,D_SOD-123,1,MBR0540,
D2,D_SOD-323,1,NSR0340HT1G,
"D3, D4, D7, D8",0603,4,RED,
D5,0603,1,ORANGE,
D6,D_DO-35_SOD27_P7.62mm_Horizontal,1,1N4148,
J1,USB_C_Receptacle_Palconn_UTC16-G,1,USB_C_Receptacle_USB2.0_16P,
J2,PinSocket_2x05_P1.27mm_Vertical_SMD,1,Conn_ARM_JTAG_SWD_10,
J3,JST_EH_S2B-EH_1x02_P2.50mm_Horizontal,1,Conn_01x02_Pin,
J4,JST_SH_SM04B-SRSS-TB_1x04-1MP_P1.00mm_Horizontal,1,Conn_01x06_Pin,
Q1,SOT-23,1,DMG3418L,
"R1, R2",0603,2,27,
"R10, R11, R14, R15, R16, R17, R5, R6, R7, R8",0603,10,10k,
"R12, R3, R4",0603,3,5.1k,
"R13, R9",0603,2,1k,
U1,QFN-56-1EP_7x7mm_P0.4mm_EP3.2x3.2mm,1,RP2040,
U2,SOT-23-5,1,AP2112K-3.3,
U3,SOT-23-5,1,MCP73831-2-OT,
U4,Winbond_USON-8-1EP_3x2mm_P0.5mm_EP0.2x1.6mm,1,W25Q16JVUXIQ TR,
U5,SENSORM-SMD_BMP388,1,BMP388,
U6,LGA-12_L2.0-W2.0-P0.50-BL,1,LIS3MDL,
U7,QFN-24_L3.0-W3.0-P0.40-TL-EP1.4,1,ICM-20649,
Y2,Crystal_SMD_2520-4Pin_2.5x2.0mm,1,12MHz,
